{
  "Total" : {
    "transaction" : "Total",
    "sampleCount" : 6800,
    "errorCount" : 0,
    "errorPct" : 0.0,
    "meanResTime" : 220.14499999999924,
    "medianResTime" : 215.0,
    "minResTime" : 195.0,
    "maxResTime" : 1692.0,
    "pct1ResTime" : 226.0,
    "pct2ResTime" : 236.0,
    "pct3ResTime" : 305.9899999999998,
    "throughput" : 22.675888194532444,
    "receivedKBytesPerSec" : 1215.8374451183065,
    "sentKBytesPerSec" : 2.7901971801866092
  },
  "HTTP Request" : {
    "transaction" : "HTTP Request",
    "sampleCount" : 6800,
    "errorCount" : 0,
    "errorPct" : 0.0,
    "meanResTime" : 220.14499999999924,
    "medianResTime" : 215.0,
    "minResTime" : 195.0,
    "maxResTime" : 1692.0,
    "pct1ResTime" : 226.0,
    "pct2ResTime" : 236.0,
    "pct3ResTime" : 305.9899999999998,
    "throughput" : 22.675888194532444,
    "receivedKBytesPerSec" : 1215.8374451183065,
    "sentKBytesPerSec" : 2.7901971801866092
  }
}